Governo do Distrito Federal;;;;;;;;;;;
Relatório: PSIOO010 - Quadro Detalhamento Despesa;;;;;;;;;;;
Unidade Orçamentária: 24103;;;;;;;;;;;
Mês de Referência: Março;;;;;;;;;;;
Emitido em: 19/03/2021 Hora: 19:33:52;;;;;;;;;;;
 ;;;;;;;;;;;
Natureza;Fonte;ID;Lei;Alteração;Contingenciado;Cota;Bloqueado;Despesa Autorizada;Empenhado;Disponível;Liquidado
 ;;;;;;;;;;;
Esfera;1;FISCAL;Programa Trabalho;6.122.821.785.028.760;ADMINISTRAÇÃO DE PESSOAL-PMDF-DISTRITO FEDERAL -000001;;;;;;
319011;100000000;0;5.471.331,00;-107.582,68;0;3.278.248,99;0;2.085.499,33;1.062.959,86;1.022.539,47;1.062.959,86
319012;100000000;0;5.471.331,00;0;0;2.786.798,60;0;2.684.532,40;1.071.353,57;1.613.178,83;1.071.353,57
319013;100000000;0;1.750.741,00;0;0;1.050.444,60;0;700.296,40;272.221,53;428.074,87;272.221,53
319094;100000000;0;0;107.582,68;0;0;0;107.582,68;13.951,01;93.631,67;13.951,01
319113;100000000;0;150.000,00;0;0;90.000,00;0;60.000,00;15.449,64;44.550,36;15.449,64
SUBTOTAL;;;12.843.403,00;0;0;7.205.492,19;0;5.637.910,81;2.435.935,61;3.201.975,20;2.435.935,61
 ;;;;;;;;;;;
Esfera;1;FISCAL;Programa Trabalho;6.122.821.785.049.580;CONCESSÃO DE BENEFÍCIOS A SERVIDORES-PMDF-DISTRITO FEDERAL -000001;;;;;;
339008;100000000;0;115.140,00;0;0;69.084,00;0;46.056,00;1.714,75;44.341,25;1.714,75
339046;100000000;0;1.533.439,00;0;0;920.063,40;0;613.375,60;300.033,78;313.341,82;300.033,78
339049;100000000;0;1.126.344,00;0;0;675.806,40;0;450.537,60;123.386,05;327.151,55;123.386,05
SUBTOTAL;;;2.774.923,00;0;0;1.664.953,80;0;1.109.969,20;425.134,58;684.834,62;425.134,58
 ;;;;;;;;;;;
Esfera;1;FISCAL;Programa Trabalho;6.128.621.740.880.080;CAPACITAÇÃO DE SERVIDORES-CAPACITAÇÃO DE POLICIAIS MILITARES EM MESTRADOS EM DIREITOS HUMANOS-PMDF-DISTRITO FEDERAL -000001;;;;;;
339039;183000000;0;30.352,00;0;0;0;0;30.352,00;0;30.352,00;0
339039;732000000;0;458.269,00;0;0;0;0;458.269,00;0;458.269,00;0
SUBTOTAL;;;488.621,00;0;0;0;0;488.621,00;0;488.621,00;0
 ;;;;;;;;;;;
Esfera;1;FISCAL;Programa Trabalho;6.181.621.714.740.000;(EPI) CONSTRUÇÃO DE QUARTÉIS;;;;;;
449051;100000000;6;3.000.000,00;0;0;0;3.000.000,00;0;0;0;0
SUBTOTAL;;;3.000.000,00;0;0;0;3.000.000,00;0;0;0;0
 ;;;;;;;;;;;
Esfera;1;FISCAL;Programa Trabalho;6.181.621.730.290.010;MODERNIZAÇÃO E REEQUIPAMENTO DAS UNIDADES DE SEGURANÇA PÚBLICA-AQUISIÇÃO DE VEÍCULO OPERACIONAL PMDF-DISTRITO FEDERAL -000001;;;;;;
449052;100000000;4;0;1.200,00;0;0;0;1.200,00;0;1.200,00;0
449052;183000000;0;1.000,00;0;0;0;0;1.000,00;0;1.000,00;0
449052;732000000;0;874.780,00;1.049.117,00;0;0;0;1.923.897,00;726.000,00;1.197.897,00;0
SUBTOTAL;;;875.780,00;1.050.317,00;0;0;0;1.926.097,00;726.000,00;1.200.097,00;0
 ;;;;;;;;;;;
Esfera;1;FISCAL;Programa Trabalho;6.181.621.730.290.010;MODERNIZAÇÃO E REEQUIPAMENTO DAS UNIDADES DE SEGURANÇA PÚBLICA-AQUISIÇÃO DE DRONES E EQUIPAMENTOS DE PROTEÇÃO INDIVIDUAL PMDF-DISTRITO FEDERAL -000001;;;;;;
449052;183000000;0;39.790,00;0;0;0;0;39.790,00;0;39.790,00;0
449052;732000000;0;1.084.790,00;0;0;0;0;1.084.790,00;0;1.084.790,00;0
SUBTOTAL;;;1.124.580,00;0;0;0;0;1.124.580,00;0;1.124.580,00;0
 ;;;;;;;;;;;
Esfera;1;FISCAL;Programa Trabalho;6.181.621.730.290.010;MODERNIZAÇÃO E REEQUIPAMENTO DAS UNIDADES DE SEGURANÇA PÚBLICA-REAPARELHAR COM AQUISIÇÃO DE VIATURAS-PMDF-DISTRITO FEDERAL -000001;;;;;;
449052;183000000;0;31.716,00;0;0;0;0;31.716,00;0;31.716,00;0
449052;732000000;0;3.014.350,00;0;0;0;0;3.014.350,00;0;3.014.350,00;0
SUBTOTAL;;;3.046.066,00;0;0;0;0;3.046.066,00;0;3.046.066,00;0
 ;;;;;;;;;;;
Esfera;1;FISCAL;Programa Trabalho;6.181.621.730.290.020;MODERNIZAÇÃO E REEQUIPAMENTO DAS UNIDADES DE SEGURANÇA PÚBLICA-ESTRUTURAÇÃO COM EQUIPAMENTOS DE OPERAÇÕES EM ALTURA E COM VIATURA TÉCNICA DE INTELIGÊNCIA - PMDF-DISTRITO FEDERAL -000001;;;;;;
449052;183000000;0;38.644,00;0;0;0;0;38.644,00;0;38.644,00;0
449052;732000000;0;1.192.370,00;0;0;0;0;1.192.370,00;0;1.192.370,00;0
SUBTOTAL;;;1.231.014,00;0;0;0;0;1.231.014,00;0;1.231.014,00;0
 ;;;;;;;;;;;
Esfera;1;FISCAL;Programa Trabalho;6.181.621.730.299.510;MODERNIZAÇÃO E REEQUIPAMENTO DAS UNIDADES DE SEGURANÇA PÚBLICA-POLICIAMENTO OSTENSIVO - PMDF-DISTRITO FEDERAL -000001;;;;;;
339030;120000000;0;15.170,00;0;0;0;0;15.170,00;0;15.170,00;0
339030;131000000;0;2.574.274,00;-222.546,66;0;0;0;2.351.727,34;88.711,97;2.263.015,37;0,1
339030;132000000;0;674.041,00;0;0;0;0;674.041,00;0;674.041,00;0
339039;121000000;0;55.650,00;0;0;0;0;55.650,00;0;55.650,00;0
339039;131000000;0;5.000.000,00;0;0;0;0;5.000.000,00;1.711.804,49;3.288.195,51;275.637,61
339040;131000000;0;0;222.546,66;0;0;0;222.546,66;222.546,66;0;0
449052;121000000;0;259.350,00;0;0;0;0;259.350,00;0;259.350,00;0
449052;131000000;0;12.303.989,00;0;0;0;0;12.303.989,00;939.900,00;11.364.089,00;0
449052;132000000;0;1.011.062,00;0;0;0;0;1.011.062,00;0;1.011.062,00;0
SUBTOTAL;;;21.893.536,00;0;0;0;0;21.893.536,00;2.962.963,12;18.930.572,88;275.637,71
 ;;;;;;;;;;;
Esfera;1;FISCAL;Programa Trabalho;6.181.621.730.299.520;(EPI) AQUISIÇÃO DE DRONES - POLÍCIA MILITAR;;;;;;
449052;100000000;6;400.000,00;0;0;0;400.000,00;0;0;0;0
SUBTOTAL;;;400.000,00;0;0;0;400.000,00;0;0;0;0
 ;;;;;;;;;;;
Esfera;1;FISCAL;Programa Trabalho;6.181.621.730.299.520;(EPI) EPIs - EQUIPAMENTO DE PROTEÇÃO INDIVIDUAL - PARA TROPA;;;;;;
339030;100000000;6;500.000,00;0;0;0;500.000,00;0;0;0;0
SUBTOTAL;;;500.000,00;0;0;0;500.000,00;0;0;0;0
 ;;;;;;;;;;;
Esfera;1;FISCAL;Programa Trabalho;6.181.621.730.299.520;(EPI) AQUISIÇÃO DE EQUIPAMENTOS DE PROTEÇÃO INDIVIDUAL E PREVENÇÃO DE DOENÇAS;;;;;;
339030;100000000;6;1.000.000,00;0;0;0;1.000.000,00;0;0;0;0
SUBTOTAL;;;1.000.000,00;0;0;0;1.000.000,00;0;0;0;0
 ;;;;;;;;;;;
Esfera;1;FISCAL;Programa Trabalho;6.181.621.730.299.520;(EPI) AQUISIÇÃO DE AERONAVES REMOTAMENTE PILOTADAS;;;;;;
449052;100000000;6;540.000,00;0;0;0;0;540.000,00;0;540.000,00;0
SUBTOTAL;;;540.000,00;0;0;0;0;540.000,00;0;540.000,00;0
 ;;;;;;;;;;;
Esfera;1;FISCAL;Programa Trabalho;27.812.620.635.968.500;(EPI) Aquisição de equipamentos esportivos para os batalhões da PMDF;;;;;;
449052;100000000;6;350.000,00;0;0;0;350.000,00;0;0;0;0
SUBTOTAL;;;350.000,00;0;0;0;350.000,00;0;0;0;0
 ;;;;;;;;;;;
Esfera;2;SEGURIDADE SOCIAL;Programa Trabalho;9.272.000.190.040.000;ENCARGOS PREVIDENCIÁRIOS DO DISTRITO FEDERAL-PAGAMENTO DE INATIVOS E PENSIONISTAS - PMDF-DISTRITO FEDERAL -000001;;;;;;
319001;100000000;0;20.580.302,00;0;0;12.348.181,20;0;8.232.120,80;3.333.171,11;4.898.949,69;3.333.171,11
319003;100000000;0;4.755.866,00;0;0;2.853.519,60;0;1.902.346,40;509.959,77;1.392.386,63;509.959,77
SUBTOTAL;;;25.336.168,00;0;0;15.201.700,80;0;10.134.467,20;3.843.130,88;6.291.336,32;3.843.130,88
 ;;;;;;;;;;;
TOTAL GERAL;;;75.404.091,00;1.050.317,00;0;24.072.146,79;5.250.000,00;47.132.261,21;10.393.164,19;36.739.097,02;6.979.838,78
 ;;;;;;;;;;;
  (*)  Prioridade LDO;;;;;;;;;;;
 (**)  Projeto em Andamento;;;;;;;;;;;
(***)  Conservação de Patrimônio;;;;;;;;;;;
(EPLOA)  Emendas Parlamentares ao PLOA;;;;;;;;;;;
(EPE) Emendas à Execução;;;;;;;;;;;
(EPI) Emendas Parlamentares Individuais;;;;;;;;;;;
(OCA)  Orçamento da Criança e do Adolescente;;;;;;;;;;;
